1,"Bednar, Kutch and Fay",88 Di Loreto Drive,Kriel,653-998-0301
2,Baumbach LLC,03 Lotheville Center,Villarrica,989-272-0021
3,"Hodkiewicz, McClure and Murazik",753 Nevada Plaza,Heredia,311-920-4757
4,Jerde-Howell,09 Corry Alley,Manhi??a,697-939-4982
5,Howell Inc,0030 Tony Point,Huwan,154-567-0215
6,Kuphal-Stehr,443 Derek Trail,S??kinos,458-923-4675
7,Kulas and Sons,01171 Canary Place,Nazran?€?,132-860-5136
8,Jacobson LLC,40 Duke Park,Stockholm,458-561-0922
9,Buckridge LLC,773 Eastwood Junction,Isla,772-774-1310
10,Mann-Ortiz,53 Mcguire Way,Sloboda,240-542-9186
11,"Ortiz, Klein and Hilll",0642 6th Junction,Maloma,302-755-5823
